id,chain,dept,category,company,brand,date,productsize,productmeasure,purchasequantity,purchaseamount
86246,205,7,707,1078778070,12564,2012-03-02,12,OZ,1,7.59
86252,205,36,3634,1078616272,7237,2012-03-02,20,OZ,1,1.29
12262064,95,4,411,102070929,18785,2012-03-02,4.25,OZ,2,2.5
12277270,95,7,708,1076211171,17286,2012-03-05,12,OZ,1,7.99
12332190,95,33,3305,107794878,2753,2012-03-05,12,OZ,1,1.99
12524696,4,58,5833,103760030,8501,2012-03-02,24,OZ,2,10
12682470,18,64,6408,108735686,3721,2012-03-02,0.75,LT,1,8.87
12996040,15,55,5552,102113020,15704,2012-03-03,48,OZ,1,4.99
13074629,14,56,5604,102113020,10786,2012-03-03,12,OZ,1,2.99
13089312,15,96,9632,107675070,52936,2012-03-05,1,CT,1,15
13179265,14,9,917,1070396575,18365,2012-03-02,14,OZ,1,1.79
13251776,15,63,6320,102113020,10786,2012-03-02,18,CT,1,2.99
13387341,14,64,6408,108143484,22447,2012-03-02,0.75,LT,1,4.99
13501141,4,97,9734,103314939,90775,2012-03-03,1,CT,1,6.99
13540129,14,33,3308,102840020,3336,2012-03-02,2.38,OZ,1,1.09
13558712,15,99,9908,10000,33170,2012-03-10,10,OZ,2,0.2
13563017,14,99,9901,107989373,12908,2012-03-03,0.66,OZ,1,1.99
13584134,14,63,6317,102113020,10786,2012-03-05,64,OZ,2,5.18
13744500,4,36,3618,104900040,23359,2012-03-02,144,OZ,1,6.29
13807224,4,25,2506,102113020,10786,2012-03-02,32,OZ,1,2.99
13873775,4,33,3303,102840020,10241,2012-03-04,10.5,OZ,2,4.29
13974451,4,58,5824,107456272,2682,2012-03-08,10,OZ,1,0.99
14026320,14,73,7307,1032113030,15704,2012-03-04,24,CT,1,2.99
14049441,3,95,9518,107000070,7848,2012-05-06,1,CT,3,5.98
14088807,3,9,902,1071706777,19722,2012-03-03,5,OZ,2,6.98
14101174,4,63,6315,102113020,10786,2012-09-30,128,OZ,1,3.89
14278542,4,37,3709,107066272,12673,2012-03-04,18,OZ,2,3.38
14381137,4,36,3612,107114272,915,2012-03-03,320,OZ,2,6
14576147,18,63,6312,101405414,12973,2012-03-03,12,OZ,2,2
14632152,18,10,1004,104300040,26232,2012-03-08,5,OZ,2,2.78
14723452,18,51,5124,107100777,5656,2012-03-08,32,OZ,1,3.79
14790034,4,25,2506,102113020,10786,2012-06-11,32,OZ,1,2.99
14989775,15,57,5710,1089470080,21065,2012-03-03,5.3,OZ,2,3.58
15050385,15,63,6315,102113020,10786,2012-03-06,128,OZ,1,3.89
15073302,15,4,416,103400030,15449,2012-03-06,1.7,OZ,2,2.38
15134033,15,36,3618,101200010,23361,2012-03-08,144,OZ,3,10
15163210,15,36,3633,107084777,7912,2012-03-05,96,OZ,1,3.99
15417308,95,4,421,107097070,56002,2012-03-07,9.5,OZ,1,1.5
15530842,95,19,1908,105150050,9189,2012-03-04,18,OZ,3,8.97
15575309,17,37,3706,104119646,14582,2012-03-02,19,OZ,1,0.99
15705695,15,27,2702,107119070,23292,2012-03-02,6,LB,1,6.99
15708395,17,95,9517,10920090,33170,2012-03-02,1,CT,1,1.29
15738658,17,9,912,101410010,13791,2013-03-09,17,OZ,1,4.49
15753725,17,56,5610,102113020,4720,2012-03-08,6,OZ,1,4.99
15941277,14,99,9908,103710232,11930,2012-03-06,8,OZ,1,2.49
15994113,4,26,2632,107989373,11873,2012-03-02,432,CT,1,8.99
16075389,14,7,707,101114111,25747,2012-03-02,12,OZ,1,4.99
16078766,4,6,610,1081809484,15414,2012-03-03,16,OZ,1,1.67
16130307,4,63,6305,102113020,15704,2012-05-05,128,OZ,1,5.49
16138642,4,58,5812,105450050,1322,2012-03-12,16,OZ,1,4.49
16203579,15,9,917,107885878,57184,2012-03-02,11.57,OZ,3,5.67
16238376,14,59,5910,103377636,16650,2012-03-02,15,OZ,1,2.5
16412251,95,97,9745,101149111,33170,2012-03-04,1,CT,1,2.79
16535563,4,58,5812,104470040,13310,2012-03-14,15,OZ,1,5.99
16551772,4,99,9908,105783656,17665,2012-03-06,17.6,OZ,1,4.49
16606739,3,36,3635,107336070,9985,2012-03-03,144,OZ,4,18
16646740,4,64,6409,10817686,7222,2012-03-02,0.75,LT,1,41.37
16691816,3,63,6305,102500020,16489,2012-03-07,59,OZ,1,3.79
16740945,95,64,6401,101820010,12358,2012-03-07,360,OZ,2,33.94
16749437,20,9,901,102113020,33170,2012-03-05,13.5,OZ,1,4.99
16765955,18,35,3504,102113020,15704,2012-03-06,24,OZ,1,1.99
16790471,18,9,902,101410010,45039,2012-03-03,30,OZ,1,7.49
16797008,88,64,6401,107289070,8159,2012-03-04,24,OZ,1,2.89
16799857,20,58,5811,1071516676,27806,2012-03-04,12,OZ,2,3.99
16802992,18,97,9753,10000,0,2012-03-09,1,CT,1,0
16829614,95,63,6315,107989373,30626,2012-03-11,128,OZ,1,2.59
16961724,95,56,5607,102113020,10786,2012-03-04,8,OZ,1,1.69
16968198,88,97,9753,1075166676,0,2012-04-21,1,CT,1,2.99
17041984,95,5,516,101600010,12426,2012-03-03,7.4,OZ,0,0
17208569,15,33,3302,102700020,57417,2012-03-02,26.91,OZ,1,7.49
17456470,14,27,2707,101780010,95301,2012-03-02,7,LB,1,10.99
17472223,4,35,3506,105170050,6335,2012-03-22,22.9,OZ,2,15.98
17486592,15,36,3626,107800070,16223,2012-03-03,20,OZ,1,1.5
17524817,4,71,7113,102240020,25033,2012-03-06,15,OZ,1,0.99
17552659,4,63,6315,102113020,10786,2012-03-14,128,OZ,1,3.99
17563640,88,82,8201,102113020,16397,2012-07-22,1,CT,1,5.49
17652157,4,30,3008,107110070,8280,2012-03-14,16,OZ,1,4.59
17678929,4,99,9908,102113020,15704,2012-03-04,32,OZ,1,6.99
17693343,18,58,5823,104470040,13310,2012-03-02,16,OZ,1,2.99
17764186,15,56,5609,104990040,9818,2012-03-04,16,OZ,2,6.78
17792880,15,5,501,101600010,3331,2012-03-04,8.9,OZ,1,3.79
17888308,4,9,901,104400040,12885,2012-03-20,10.5,OZ,1,3.69
17956604,4,9,907,107313070,13291,2012-03-16,24,OZ,1,2.49
17995179,95,32,3202,102700020,19737,2012-03-02,48,OZ,1,2.99
18019282,3,26,2622,101370010,8154,2012-03-11,12,CT,1,4.49
18036844,4,13,1306,102113020,15704,2012-03-02,2,LB,1,1.99
18249735,4,51,5123,102113020,15704,2012-03-02,80,OZ,1,6.43
18259179,3,33,3303,108411484,9596,2012-03-03,8.5,OZ,2,6
18277411,4,26,2607,101090010,15232,2012-03-02,1,CT,1,3.59
18470775,4,4,407,103400030,18947,2012-03-09,14,OZ,1,2.59
18714453,17,9,907,101410010,13791,2012-03-29,16,OZ,1,2.99
18854215,88,64,6408,108823282,19284,2012-03-02,1.5,LT,1,5.49
18938874,88,56,5615,102113020,10786,2012-03-08,32,OZ,1,6.99
18985721,4,9,901,104400040,3453,2012-03-02,13.72,OZ,1,3.29
19006747,15,37,3711,102113020,16397,2012-03-06,15,OZ,1,3.49
19069700,4,64,6407,108500080,6091,2012-03-06,1.5,LT,2,13.98
19119985,14,58,5827,102113020,15704,2012-07-07,16,OZ,1,3.99
19134469,4,49,4901,102113020,15704,2012-03-15,32,OZ,1,3
19166969,18,34,3406,103700030,8993,2012-03-04,45,OZ,1,5.99
19253253,15,20,2002,105100050,27873,2012-03-03,33,OZ,1,4.19
19277502,4,69,6901,103700030,16139,2012-03-02,2.6,OZ,1,3.99
19330664,4,64,6401,1060275565,6356,2012-03-02,72,OZ,1,6.99
19346425,4,7,707,102550020,6550,2012-03-04,33.9,OZ,1,8.99
19460457,20,9,912,104812141,18322,2012-03-07,20,OZ,1,4.39
19506471,4,9,907,105040050,17593,2012-03-04,16,OZ,1,3.29
19591356,4,9,913,104812141,18322,2012-03-03,12,OZ,2,4.29
19607398,4,3,302,102800020,30272,2012-03-02,11.5,OZ,1,1.99
19648997,4,9,907,102113020,15704,2012-03-03,16,OZ,1,1.69
19667741,4,9,907,107225070,12465,2012-03-11,20,OZ,1,2.79
19773748,15,57,5706,102113020,10786,2012-03-03,32,OZ,1,3.49
19899195,14,55,5557,107457070,26051,2012-03-12,9,OZ,1,3.49
20008183,18,8,814,102113020,15704,2012-05-24,16,OZ,1,1.99
20552767,14,5,504,1072225272,3695,2012-03-09,1.69,OZ,4,6
20760852,18,58,5823,105190050,26456,2012-03-08,16,OZ,1,6.79
21024070,15,63,6315,102113020,10786,2012-03-02,128,OZ,1,3.89
21303030,95,30,3010,104133545,43106,2012-03-09,16,OZ,1,2.5
21323129,4,91,9127,108700080,16095,2012-03-07,1.75,LT,1,24.49
21419778,14,55,5557,107457070,26051,2012-03-07,9,OZ,1,3.49
21420965,15,9,907,102113020,15704,2012-03-02,22,OZ,1,2.99
21489091,17,99,9904,103338333,33170,2012-03-17,32,OZ,1,4.99
21603296,4,96,9632,107675070,18020,2012-03-05,1,CT,1,25
21622166,3,56,5609,104190040,4664,2012-03-05,16,OZ,1,2.99
21690320,4,91,9127,108218484,9031,2012-03-02,0.75,LT,1,17.99
21774908,14,53,5307,107989373,12908,2012-03-08,16,OZ,1,1.99
21837001,15,99,9901,107989373,12908,2012-03-04,0.66,OZ,1,1.99
21860840,15,59,5902,104720040,3239,2012-03-02,15,OZ,1,3.93
21862750,15,97,9753,10000,0,2012-03-04,1,CT,1,0.49
21873377,14,55,5561,102113020,15704,2012-03-02,16,OZ,2,6
22018852,88,60,6001,101800010,14029,2012-03-09,16,OZ,1,3.79
22077078,18,55,5560,104154848,5603,2012-03-02,16.1,OZ,1,4.99
22149847,18,37,3711,102113020,19525,2012-03-02,16,OZ,1,2.49
22199203,88,56,5617,102113020,10786,2012-06-25,12,OZ,1,2.5
22221380,95,33,3305,102840020,5141,2012-03-02,11.5,OZ,1,4.29
22231751,88,95,9518,1072047373,7848,2012-03-04,1,CT,1,3.49
22326006,18,21,2114,108474484,12519,2012-03-03,16,OZ,1,3.69
22491084,15,8,826,101121010,17930,2012-03-02,2,OZ,1,1.99
22496007,17,36,3601,104900040,3809,2012-03-04,96,OZ,1,4
22560643,18,33,3303,102840020,10241,2012-03-17,1.88,OZ,1,1.09
22587434,18,55,5552,107756777,2347,2012-05-06,48,OZ,1,3.5
22644300,18,9,901,104400040,13243,2012-03-02,15.35,OZ,1,2.99
22709494,4,56,5604,102113020,10786,2012-03-05,4,OZ,1,2.99
22725281,18,58,5836,107778272,9260,2012-03-02,12,OZ,1,4.49
22735677,18,41,4105,102700020,8612,2012-03-02,14.5,OZ,4,6
22745038,18,8,807,102113020,15704,2012-03-08,18,OZ,2,1.89
22791304,20,36,3612,107063878,4685,2012-03-05,128,OZ,1,1.19
22806689,18,30,3007,107766171,10562,2012-03-02,13,OZ,1,0.8
22816872,17,97,9753,1076163575,0,2012-03-03,1,CT,1,0
23011309,18,73,7311,1032113030,15704,2012-03-04,3,OZ,1,2.59
23194432,18,81,8101,102820020,11186,2012-03-02,1,CT,1,7.49
23194614,15,97,9753,10000,0,2012-03-29,1,CT,1,1
23211846,15,5,516,102190828,10187,2012-03-09,1.7,OZ,2,-4.52
23270065,17,58,5823,104470040,13310,2012-03-13,16,OZ,3,4.99
23340837,18,8,805,105150050,63722,2012-03-02,5,OZ,2,7.18
23412989,17,5,516,101600010,12426,2012-03-24,6,OZ,1,2.49
23447825,15,12,1205,108000080,17292,2012-03-05,4.1,OZ,2,5.18
23480814,17,63,6320,102113020,10786,2012-03-04,12,CT,1,2.59
23486921,18,33,3308,102840020,3336,2012-03-08,9.75,OZ,1,3.3
23727805,88,56,5607,102113020,10786,2012-03-04,8,OZ,1,2.29
23763655,3,31,3101,1072567777,21170,2012-03-05,2.5,OZ,1,2.09
23791057,95,82,8201,102113020,16397,2012-03-02,1,CT,1,5.99
23972718,18,5,501,101600010,3396,2012-03-15,14,OZ,2,7.18
24032560,18,19,1905,105150050,16728,2012-03-05,32,OZ,1,3.59
24120930,88,16,1604,102200020,5558,2012-03-02,60,CT,1,3.99
42937475,58,28,2801,101111010,9907,2012-03-02,24,OZ,1,3.39
44975538,2,58,5827,101111010,9907,2012-03-03,24,OZ,1,8.99
48386542,17,6,607,1079108373,5499,2012-03-09,44,OZ,1,6.29
48445984,15,36,3611,104900040,4599,2012-03-02,20,OZ,1,1.49
48464291,18,59,5910,103377636,16650,2012-03-07,15,OZ,1,3.49
48468053,4,26,2633,107989373,2368,2012-03-03,6,RL,1,3.99
48532593,20,63,6315,102113020,10786,2012-03-31,128,OZ,1,3.09
48605649,17,57,5710,102113020,10786,2012-03-02,6,OZ,2,1.98
48682962,15,99,9904,105410757,33170,2012-03-18,80,OZ,1,9.99
48693550,95,96,9609,1051780050,88199,2012-03-05,0,,2,-4
48747840,14,63,6315,1074236575,8499,2012-03-26,64,OZ,1,4.29
48991232,4,29,2902,106414464,4790,2012-03-06,15,OZ,2,2.67
49165299,3,29,2928,101530010,58299,2012-03-03,7.1,OZ,1,1
49182915,88,41,4107,102113020,15704,2012-03-17,8.5,OZ,1,0.89
49204603,95,54,5403,107790070,9200,2012-03-12,7,OZ,2,6
49240577,18,58,5814,104470040,10837,2012-03-04,3.4,OZ,3,0.98
49315424,4,7,707,102550020,6550,2012-03-03,33.9,OZ,1,6.99
49326153,4,99,9908,102113020,15704,2012-03-07,12,OZ,1,1.5
49332997,14,63,6323,101400010,2199,2012-03-10,16,OZ,1,1
49434116,14,99,9909,107127979,6732,2012-03-03,8,OZ,1,3.39
49451971,4,29,2902,103760030,8501,2012-03-04,10.5,OZ,1,2.19
49522674,95,64,6408,108224282,8934,2012-03-03,0.75,LT,1,9.24
49591669,20,41,4107,102113020,15704,2012-03-04,4,OZ,2,1.98
49613173,4,21,2106,102113020,15704,2012-03-03,64,OZ,1,1.99
49710372,20,27,2704,1075764575,12598,2012-03-05,10,OZ,1,2.5
49806426,88,96,9609,1057124959,88199,2012-03-04,0,,1,-2
49817353,17,45,4509,104440040,7504,2012-03-05,6.3,OZ,1,3.99
49914843,3,99,9909,107989373,12908,2012-03-11,16,OZ,1,4.99
50006012,88,53,5307,102113020,15704,2012-04-01,12,OZ,2,5.38
50050726,18,73,7308,1081483282,10808,2012-03-04,30,CT,1,1.59
50066863,18,7,707,102550020,6550,2012-08-19,27.8,OZ,1,8.99
50173943,18,56,5620,102113020,10786,2012-03-10,32,OZ,1,8.19
50246742,20,53,5305,102113020,15704,2012-03-04,16,OZ,1,1.5
50288900,88,1,106,101500010,7142,2012-09-01,6,OZ,1,-0.25
50380832,15,41,4108,102113020,15704,2012-03-03,15,OZ,1,0.99
50411403,18,37,3711,102113020,19525,2012-04-08,12,OZ,2,3.98
50545000,15,91,9115,108366484,15717,2012-03-02,1.75,LT,1,29.99
50622160,18,26,2622,102113020,15704,2012-03-08,40,CT,1,3.19
50635466,3,5,501,103800030,11732,2012-03-02,15.5,OZ,1,2.99
50677951,15,9,901,102113020,15704,2012-03-03,9,OZ,1,2.19
50786785,20,64,6401,107199070,9606,2012-03-04,144,OZ,1,8.59
50791864,88,9,902,104400040,12279,2012-03-03,8,OZ,1,2.5
50808053,3,25,2508,102529323,16410,2012-03-04,64,OZ,1,3.69
50828137,15,7,709,1076211171,17286,2012-03-20,4.4,OZ,1,8.99
50865818,15,8,835,102150020,10238,2012-03-04,12,OZ,2,7.38
50869828,17,63,6311,104850040,5072,2012-03-02,59,OZ,1,2.35
51053733,95,36,3628,107800070,17203,2012-03-03,67.6,OZ,1,2.29
51099044,4,36,3631,107800070,23209,2012-03-02,67.6,OZ,1,1.49
51122746,14,63,6315,107989373,12908,2012-03-10,128,OZ,1,6.39
51150009,4,13,1306,107101272,9680,2012-04-02,5,LB,1,4.69
51328832,88,96,9609,1053700050,88199,2012-03-04,0,,2,0
51349274,20,26,2628,103700030,2248,2012-03-02,1,RL,1,3.19
51377848,15,63,6316,107342070,4529,2012-03-09,16,OZ,1,2.69
51388399,4,63,6320,102113020,10786,2012-03-02,18,CT,1,3.59
51441524,4,19,1908,105150050,82528,2012-03-03,16,OZ,1,5.29
51472749,17,5,516,103000030,14760,2012-03-05,6.7,OZ,1,3.69
51531106,15,4,418,101070010,19846,2012-03-03,4,OZ,3,3.75
51804381,17,0,0,10000,20405,2012-03-06,0,,1,-1
51868456,20,91,9131,108954080,9444,2012-03-03,0.75,LT,1,19.99
52015552,18,9,907,107885878,57184,2012-04-01,12.69,OZ,1,2.99
52113271,17,99,9904,103338333,33170,2012-03-06,16,OZ,1,5.49
52328342,3,5,501,103000030,14760,2012-03-04,28,OZ,1,5.49
52387756,20,74,7404,101204414,13056,2012-03-04,4.25,OZ,1,3.49
52503923,15,99,9904,1071575676,5278,2012-03-04,6,OZ,1,3.2
52566892,17,62,6203,102484222,2542,2012-03-07,10,OZ,1,3.49
52584180,18,36,3604,107800070,2829,2012-03-10,67.6,OZ,2,0.98
52590015,14,9,916,107012979,13037,2012-03-02,5.25,OZ,1,2.39
52598384,88,99,9908,103338333,33170,2012-03-02,16,OZ,1,1.5
52732914,18,63,6318,102113020,16397,2012-03-03,43.4,OZ,1,9.99
52770204,15,8,836,105150050,63722,2012-03-07,8.45,OZ,1,3.29
52795289,3,51,5126,1073891272,2225,2012-03-09,16,OZ,3,10.47
52933935,18,9,907,107294575,15878,2012-03-07,20,OZ,1,2.49
52942577,4,63,6317,102113020,10786,2012-03-09,64,OZ,1,2.79
53002206,14,28,2805,107365171,11166,2012-03-02,7,OZ,1,4.29
53024321,18,33,3315,102113020,15704,2012-03-06,11,OZ,2,10.98
53041103,20,33,3314,102113020,15704,2012-03-02,4.5,OZ,1,1.5
53042409,15,9,902,107989373,5537,2012-03-02,8,OZ,2,5.98
53066499,4,64,6409,103322838,3724,2012-03-02,0.75,LT,1,16.79
53078911,95,19,1908,105150050,216,2012-03-07,16,OZ,1,4.59
53098486,18,58,5811,102113020,28503,2012-03-10,8,OZ,1,5.99
53120801,18,9,921,104500040,8511,2012-03-04,4.5,OZ,1,1
53250970,15,58,5823,102531727,763,2012-03-11,4,OZ,1,5.99
53257670,18,45,4508,104132242,16106,2012-03-02,9,OZ,1,8.99
53280850,17,17,1708,102113020,15704,2012-03-02,3.4,OZ,1,0.8
53391520,4,9,907,107313070,13291,2012-03-08,24,OZ,1,4.99
53404104,20,75,7520,1030052131,27166,2012-03-03,500,CT,1,3.49
53421384,4,8,821,104139040,9659,2012-03-06,40,OZ,1,7.99
53593836,18,99,9908,102113020,15704,2012-07-04,16,OZ,1,2.79
53638549,18,9,907,107222070,6669,2012-09-23,24,OZ,1,1.4
53724690,17,35,3508,103700030,18371,2012-03-02,50,OZ,1,7.99
53879707,18,79,7903,1072527474,27869,2012-03-02,1,CT,1,4.99
53885141,4,27,2710,107023070,18373,2012-03-10,20,LB,1,3.99
53899367,15,63,6320,102113020,10786,2012-03-04,18,CT,1,2.99
53994426,20,33,3314,107341676,10839,2012-03-05,8.5,OZ,1,3.19
54001770,95,30,3001,104800141,1707,2012-03-05,30,OZ,1,4.49
54108377,88,63,6320,102113020,10786,2012-03-03,18,CT,1,2.89
54174570,15,5,501,1088491282,8459,2012-03-03,18,OZ,1,5.29
54181077,4,5,501,101600010,85114,2012-03-02,12.8,OZ,1,3.89
54196583,17,63,6323,102113020,10786,2012-03-04,64,OZ,1,2.49
54244565,18,36,3601,104900040,3809,2012-03-02,67.6,OZ,1,1.67
54371887,95,99,9909,102113020,16397,2012-03-02,9,OZ,1,4.99
54382575,18,63,6315,102113020,10786,2012-03-03,128,OZ,1,2.99
54396440,18,37,3706,104119646,14582,2012-03-04,19,OZ,5,4.95
54536172,88,62,6201,102113020,4720,2012-03-04,16,OZ,1,2.99
54590006,15,17,1703,103700030,12071,2012-03-02,40,OZ,1,3.29
54612729,17,10,1011,107349171,9883,2012-03-06,24,OZ,1,2.49
54625209,4,10,1007,104300040,26232,2012-03-08,6,OZ,3,4.17
54675558,18,25,2503,102113020,30626,2012-03-23,22,OZ,1,1.99
54678988,18,33,3312,103700030,14494,2012-03-11,6.38,OZ,1,1.99
54706842,18,5,519,103000030,14760,2012-03-03,15.1,OZ,2,3.99
54786312,15,29,2925,107078777,8333,2012-03-03,80,OZ,1,6.99
54825809,95,5,519,103000030,14760,2012-03-15,11.9,OZ,2,3.79
54877654,15,64,6409,108130888,25521,2012-03-03,0.75,LT,1,8.74
54887182,18,5,501,102113020,15704,2012-03-31,18.2,OZ,1,3.29
54888166,95,36,3601,101200010,13794,2012-03-16,67.6,OZ,1,0.59
55054099,95,29,2902,104132141,12301,2012-03-06,14,OZ,1,1
55224643,15,55,5552,102113020,10786,2012-03-05,128,OZ,1,6.49
55233603,20,5,504,1072225272,3695,2012-06-08,2.4,OZ,4,6.67
55253605,15,7,709,107017777,18928,2012-03-02,1.27,OZ,1,5.99
55304581,14,99,9908,103338333,33170,2012-03-03,42,OZ,2,5.38
55308708,20,26,2628,103700030,2248,2012-03-05,12,RL,1,17.99
55319724,95,6,610,1061126969,15041,2012-03-09,8.4,OZ,1,2.19
55431649,17,51,5115,107192171,78492,2012-03-02,6,OZ,1,3.99
55488429,4,63,6315,1074236575,8499,2012-03-02,64,OZ,1,4.29
55489245,4,26,2619,102113020,15704,2012-03-02,30,CT,2,5.38
55495293,4,99,9904,102113020,15704,2012-03-07,128,OZ,1,3.99
55640032,3,56,5611,107144878,469,2012-03-10,5,OZ,1,6.99
55701436,17,97,9753,10000,0,2012-03-02,1,CT,1,1.29
55710392,4,26,2628,102113020,15704,2012-05-15,12,RL,1,10.99
55712353,18,58,5823,104470040,13310,2012-03-03,9,OZ,1,3.99
55724905,17,59,5902,103450030,10165,2012-03-04,8,OZ,1,2.49
55810929,88,41,4108,107227373,27268,2012-03-03,15,OZ,4,4
55882738,4,97,9753,10000,0,2012-03-05,1,CT,1,8.7
55901143,4,33,3303,102840020,10241,2012-03-04,10.5,OZ,2,4.29
55964098,3,62,6201,107349171,9883,2012-03-05,22,OZ,1,3
56114316,15,64,6401,108378383,16392,2012-03-03,72,OZ,1,7.99
56118474,15,37,3707,107754474,13313,2012-03-12,14.1,OZ,1,-8.61
56211996,15,99,9908,10000,33170,2012-03-04,10,OZ,1,0.1
56486066,20,17,1707,104159848,19708,2012-03-05,30,CT,1,5.29
56544981,17,99,9909,107127979,6732,2012-03-02,11,OZ,1,2.89
56554319,14,58,5812,105450050,1322,2012-03-15,15,OZ,1,5.29
56661209,20,7,707,102550020,6550,2012-03-05,27.8,OZ,1,8.99
56802105,15,36,3614,102113020,93434,2012-03-28,33.8,OZ,2,5.98
56811020,20,9,901,102113020,15704,2012-03-03,10,OZ,1,-1
56912376,18,30,3008,102113020,15704,2012-03-05,24,OZ,1,2.69
56914425,95,95,9518,1072047373,7848,2012-03-02,1,CT,1,2.79
56939637,4,14,1410,104125545,3943,2012-04-06,21,OZ,1,2.49
56987029,4,5,501,101600010,3331,2012-03-06,17,OZ,1,2.99
57039866,4,36,3630,107800070,23561,2012-03-02,67.6,OZ,4,3.96
57044075,17,99,9909,107127979,6732,2012-03-06,8,OZ,1,1.99
57086094,15,30,3008,107147575,2953,2012-03-28,12,OZ,1,4.59
57132131,15,71,7112,1069223767,28490,2012-03-02,24,OZ,1,3.49
57147488,4,57,5707,102113020,10786,2012-03-02,18,OZ,1,1.99
57172147,95,64,6408,108012080,447,2012-03-07,3,LT,1,13.99
57269030,15,37,3711,102113020,16397,2012-03-02,24,OZ,1,3.99
57272357,15,4,416,104000040,16765,2012-03-02,2.07,OZ,2,2.38
57315609,15,79,7903,10912898,43527,2012-03-02,1,CT,1,3.99
57337945,88,19,1908,105150050,9189,2012-03-03,18,OZ,2,6.58
57340646,15,71,7110,101150919,9389,2012-03-17,1,CT,1,6.99
57367164,95,9,907,107313070,13291,2012-10-22,16,OZ,1,4.69
57414874,18,9,912,104812141,18322,2012-03-07,20,OZ,2,7.58
57426577,4,26,2619,102113020,30626,2012-03-02,65,CT,1,3.49
57465732,14,4,411,107920070,20031,2012-03-02,14,OZ,1,2.5
57513964,17,36,3630,101200010,13794,2012-03-04,67.6,OZ,2,3.58
57530684,18,9,907,104130040,17267,2012-03-29,20,OZ,1,2.5
57539670,18,21,2119,1065153868,17830,2012-03-06,16,OZ,1,2.09
57553266,3,6,610,107084777,11910,2012-03-05,16,OZ,1,2.49
57574907,95,4,416,103400030,20231,2012-03-05,1.4,OZ,4,1.98
57581720,18,51,5127,105100050,8605,2012-03-09,16,OZ,3,11.97
57608943,15,97,9753,1022031121,0,2012-03-03,1,CT,1,5.99
57612433,95,73,7312,1031011939,1488,2012-03-02,0.5,OZ,1,8.99
57674291,15,63,6320,1071514171,25530,2012-03-12,12,CT,1,3.79
57719559,15,5,501,101600010,10797,2012-03-03,11.5,OZ,1,4.49
57834619,18,97,9753,1020319424,0,2012-03-04,1,CT,1,10.56
57850102,17,3,311,101600010,1756,2012-04-15,16,OZ,1,2.39
57897266,18,99,9904,1071575676,5278,2012-03-05,6,OZ,1,4.99
57973513,4,63,6315,102113020,10786,2012-03-07,64,OZ,1,2.29
58077382,14,57,5707,103663232,4568,2012-03-02,18.6,OZ,2,5.78
58099874,88,2,201,101600010,1756,2012-03-03,21.5,OZ,1,2.59
58121773,15,55,5552,107756777,2347,2012-03-02,48,OZ,1,5.99
58125841,15,11,1102,104480040,22777,2012-03-03,500,CT,1,6.49
58161301,3,96,9609,1053700050,88199,2012-03-10,0,,1,-2.5
58237989,14,97,9753,103651535,0,2012-03-06,1,CT,1,3
58330353,17,5,501,102113020,30626,2012-03-10,8,OZ,1,1.29
58487625,88,9,902,104400040,18775,2012-03-06,9.5,OZ,1,2.5
58520187,4,64,6401,107089777,6627,2012-03-09,25.4,OZ,2,4
58524246,20,73,7309,1030013232,6454,2012-03-04,50,CT,1,5.29
58544414,15,99,9901,107989373,12908,2012-03-03,0.66,OZ,1,1.99
58558323,17,25,2505,105000050,32115,2012-03-22,32,OZ,1,2.99
58574978,20,72,7205,103700030,4294,2012-03-02,5.8,OZ,1,2.99
58762517,18,97,9753,1021708424,0,2012-03-05,1,CT,1,1.42
58814206,4,8,803,104150040,6714,2012-03-05,12,OZ,1,3.99
58867493,15,64,6401,1075452777,12558,2012-03-03,144,OZ,1,14.99
58891410,15,37,3711,102113020,16397,2012-03-06,24,OZ,1,3.99
59065372,20,79,7901,107099272,86872,2012-03-06,1,CT,1,4.5
59067761,95,26,2604,102113020,15704,2012-03-03,48,CT,1,1.79
59120754,18,29,2904,101530010,13610,2012-03-02,5.8,OZ,1,1.25
59150399,20,5,501,101600010,3331,2012-03-31,18,OZ,1,2.99
59192576,88,36,3604,107800070,16023,2012-03-08,33.8,OZ,1,1.79
59252232,15,4,416,103400030,2689,2012-03-08,3.5,OZ,2,3
59370197,95,8,822,104150141,10197,2012-03-11,28,OZ,1,2.99
59469484,4,36,3626,104900040,17186,2012-03-09,67.6,OZ,1,1.79
59474603,15,51,5117,102113020,15704,2012-03-05,16.1,OZ,1,4.99
59572755,20,56,5611,104175747,10216,2012-03-13,6,OZ,1,3.99
59574114,4,9,902,1087989080,4351,2012-03-10,4.5,OZ,1,2.99
59585609,18,25,2506,105000050,32115,2012-03-09,16,OZ,1,2.49
59600890,95,63,6320,107110171,58231,2012-03-02,6,CT,2,4.98
59638916,95,64,6408,108858686,25456,2012-03-03,0.75,LT,1,8.74
59735577,18,33,3305,102840020,15870,2012-03-04,14,OZ,1,2.19
59816528,14,51,5117,107989373,29344,2012-03-07,14.5,OZ,1,4.99
59928376,17,9,907,107341070,2437,2012-03-13,24,OZ,1,2.5
60235497,3,91,9109,1072105979,16583,2012-03-03,0.75,LT,1,16.99
60283133,15,9,901,103010030,6852,2012-03-18,11.5,OZ,1,3.12
60321911,15,16,1601,102211020,8574,2012-03-02,1,CT,1,1.49
60332240,15,38,3801,107989373,12908,2012-03-11,2,LB,1,4.59
60456293,18,59,5906,104060040,26155,2012-03-03,45,OZ,1,5.99
60461023,95,9,907,102113020,15704,2012-03-14,16,OZ,1,1.99
60548896,18,56,5610,104171646,6769,2012-03-04,5,OZ,1,3.49
60619909,15,9,913,107313070,13291,2012-03-22,14,OZ,1,3.99
60755624,20,44,4404,105100050,13791,2012-03-06,11.25,OZ,2,5
60761302,4,57,5710,103663232,4568,2012-05-10,5.3,OZ,1,1
60766698,4,42,4220,102113020,15704,2012-03-08,16,OZ,2,2.78
60788872,14,9,908,107203070,5812,2012-03-04,8.25,OZ,1,2.99
60825309,20,18,1822,103700030,6236,2012-03-02,27,OZ,1,-9.88
60983202,14,51,5129,101450010,20864,2012-03-03,10,OZ,1,2.49
61031248,95,33,3308,102840020,3336,2012-03-02,9.25,OZ,1,1.49
61094869,88,37,3707,102113020,15704,2012-03-03,14,OZ,2,1.38
61109871,18,97,9753,10000,0,2012-03-04,1,CT,1,5.89
61142178,88,58,5833,1074430777,27877,2012-03-03,48,OZ,1,6.87
61196030,18,21,2118,108079383,6926,2012-03-03,16.9,OZ,4,4.99
61274786,4,64,6408,108500080,1387,2012-03-05,0.75,LT,2,7.86
61296212,15,36,3632,107989373,12908,2012-03-02,33.8,OZ,1,2.99
61322289,18,71,7113,1030815131,3609,2012-03-03,23.7,OZ,1,6.49
61366710,95,64,6408,108289686,6276,2012-03-05,0.75,LT,2,16.58
61390454,4,63,6315,107989373,30626,2012-03-03,128,OZ,1,3.09
61416624,18,63,6315,107989373,30626,2012-03-02,128,OZ,2,4.98
61444033,15,9,902,103800030,17050,2012-03-21,4,OZ,1,2.49
61486412,4,9,901,102113020,15704,2012-03-05,13,OZ,1,-2.01
61599063,15,56,5614,102113020,10786,2012-03-02,1,OZ,1,0.33
61819046,15,72,7209,1030813737,14982,2012-03-02,100,YD,1,3.49
61933479,95,33,3303,102840020,10241,2012-03-02,13.5,OZ,1,4.99
61989333,20,58,5823,104470040,13310,2012-03-14,9,OZ,1,3.4
62102735,15,63,6315,102113020,10786,2012-03-05,64,OZ,2,7.68
62231359,88,27,2704,102113020,15704,2012-03-04,1,CT,1,2.89
62310326,15,26,2628,103700030,2248,2012-04-18,1,RL,2,6.38
62396175,3,62,6201,102113020,4720,2012-03-05,16,OZ,1,2.49
62400998,20,2,214,107433373,916,2012-03-02,26,OZ,1,4.29
62407885,15,23,2301,102409424,4649,2012-03-04,17.5,OZ,2,6.58
62426499,18,63,6316,102113020,10786,2012-03-29,16,OZ,1,1.59
62471255,14,99,9909,107989373,12908,2012-03-08,7,OZ,1,3.69
62496996,88,63,6315,107989373,30626,2012-03-04,128,OZ,1,1.57
62518933,18,64,6408,108500080,10739,2012-03-04,0.75,LT,1,18.99
62577743,20,4,405,102113020,15704,2012-03-03,10.5,OZ,1,1.19
62611006,4,56,5616,102113020,4720,2012-03-02,8,OZ,1,4.99
62673601,18,59,5902,105820050,10786,2012-03-05,16,OZ,1,2.49
62707639,18,45,4508,102113020,15704,2012-03-04,19.2,OZ,1,2.99
62743057,88,9,907,107341070,13291,2012-03-25,24,OZ,1,2.99
62803931,4,23,2301,107680878,1393,2012-03-03,16,OZ,2,3.58
62877041,18,72,7205,107732676,18502,2012-03-02,4.2,OZ,1,3.99
62995056,18,14,1416,102113020,15704,2012-03-07,15,OZ,1,0.89
63007083,15,18,1890,107499979,15601,2012-03-07,1,CT,1,26.99
63019458,95,96,9632,107675070,18637,2012-03-02,1,CT,1,30
63097103,20,9,902,108569383,16215,2012-10-23,4.25,OZ,1,3.19
63318034,4,27,2702,101780010,95301,2012-03-08,18,LB,1,18.99
63336621,17,8,801,101300010,8164,2012-03-09,20,OZ,1,2.19
63340358,95,56,5609,104990040,9818,2012-03-03,16,OZ,1,3.79
63341538,4,57,5704,107047070,20230,2012-03-11,6,OZ,3,1.95
63422872,4,33,3303,102840020,10241,2012-03-02,8.5,OZ,1,3.49
63532753,18,96,9632,107675070,8409,2012-03-02,1,CT,2,300
63575541,4,9,907,107313070,13291,2012-03-03,24,OZ,1,2.99
63585470,18,29,2906,107066272,12673,2012-03-06,4,OZ,1,1.33
63626446,15,62,6202,107049272,6621,2012-03-02,7.25,OZ,4,6
63707754,88,57,5704,107047070,20230,2012-03-04,6,OZ,2,1.2
63866464,17,21,2119,1061300868,867,2012-03-02,42,OZ,1,1
63883643,18,36,3635,1063671161,3070,2012-03-02,17.2,OZ,1,1.11
63904880,3,15,1506,102874424,15124,2012-03-04,10,OZ,1,3.99
63949570,15,9,907,104500040,20016,2012-03-04,20,OZ,1,4.49
63976577,15,17,1709,101920010,10882,2012-03-04,24,OZ,1,2.19
64086470,17,58,5836,107778272,9260,2012-03-29,12,OZ,1,2.99
64160330,17,82,8201,102113020,16397,2012-03-11,1,CT,1,7.99
64169538,20,16,1604,102200020,13228,2012-07-05,14,CT,1,1.39
64233884,18,63,6315,107989373,30626,2012-03-11,128,OZ,2,4.98
64272407,20,51,5125,107989373,5537,2012-03-05,9.5,OZ,1,2
64288458,4,73,7344,1030006737,10895,2012-03-05,12,OZ,1,4.34
64324753,17,36,3634,1078616272,7237,2012-03-06,20,OZ,1,1
64532763,3,24,2403,102113020,15704,2012-03-03,9.75,OZ,2,6.98
64585626,18,73,7345,1030004333,79368,2012-03-06,18,CT,1,5.29
64778099,15,25,2506,104127141,26189,2012-03-02,32,OZ,1,3.99
64872069,18,29,2925,102113020,15704,2012-03-12,16,OZ,1,0.99
64960358,15,64,6401,108378383,16392,2012-03-02,72,OZ,1,5.99
65173941,15,1,106,101500010,29555,2012-03-04,1,OZ,1,2.79
65307069,20,63,6312,102500020,16487,2012-03-04,59,OZ,1,2.5
65329794,17,9,907,107225070,12465,2012-03-10,20,OZ,1,3.79
65487565,18,73,7310,1032113030,15704,2012-03-05,32,CT,1,8.69
65519775,17,57,5705,103663232,4568,2012-03-03,16,OZ,1,2.99
65538823,4,97,9753,1023100020,0,2012-03-07,1,CT,1,51.29
65550743,18,56,5614,102113020,10786,2012-03-05,16,OZ,1,4.99
65594165,95,59,5902,105820050,10786,2012-03-02,16,OZ,2,3.98
65599099,4,4,410,107097070,13717,2012-03-02,1.5,OZ,1,-4.95
65756156,95,7,709,1076211171,17286,2012-04-07,4.4,OZ,1,7.99
65923948,15,33,3303,102840020,10241,2012-03-02,10.5,OZ,2,4.29
66163784,18,36,3612,102113020,15704,2012-03-02,128,OZ,2,1.6
66194616,18,4,418,104000040,26517,2012-03-03,19.2,OZ,1,5.99
66221175,20,54,5403,107790070,9200,2012-03-12,36,OZ,1,11.59
66258590,95,63,6318,102113020,16397,2012-03-02,21.3,OZ,1,5
66303204,15,26,2629,102113020,15704,2012-03-02,200,CT,1,2.68
66448637,4,7,707,104300040,20248,2012-03-02,12,OZ,1,3.99
66503578,15,36,3611,104900040,4599,2012-03-03,33.8,OZ,1,0.89
66507967,88,5,516,101600010,12426,2012-03-03,8.9,OZ,2,5
66612145,14,51,5123,102000020,30792,2012-03-02,24,OZ,3,11
66614778,17,55,5556,104154848,5603,2012-03-02,48,OZ,1,5.99
66650733,88,33,3305,102840020,15870,2012-03-10,14,OZ,2,4.38
66814830,3,35,3504,103700030,6947,2012-03-28,30,OZ,1,2.29
66929462,88,9,902,103800030,17050,2012-03-07,4,OZ,1,2.49
66966448,4,63,6311,102500020,11749,2012-03-08,59,OZ,1,3
66986222,4,63,6315,102113020,10786,2012-03-11,128,OZ,1,3.59
67079016,18,63,6320,102113020,10786,2012-03-06,18,CT,1,2.29
67086430,17,9,907,107167373,17480,2012-03-05,20,OZ,1,2
67133701,15,33,3310,101566515,22310,2012-03-02,4,OZ,1,2.79
67209680,15,33,3303,102113020,15704,2012-03-02,10,OZ,1,-12.28
67274959,20,28,2806,1063561767,19852,2012-03-05,16,OZ,1,5.99
67306121,15,27,2710,103320030,875,2012-12-18,20,LB,1,4.99
67317718,15,64,6401,107089777,6627,2012-03-08,25.4,OZ,1,2.69
67339823,17,58,5810,107010070,9243,2012-03-04,16,OZ,1,2.99
67388625,95,75,7520,102113020,15704,2012-03-07,500,CT,1,3.49
67513296,15,97,9753,10000,0,2012-03-11,1,CT,2,2
67574740,95,4,411,104000040,17287,2012-03-17,14,OZ,1,2.5
67619205,4,23,2301,107680878,1393,2012-03-02,16,OZ,1,1.79
67660532,15,91,9134,108500080,25725,2012-04-01,0.75,LT,1,12.49
67724271,4,36,3612,102113020,15704,2012-05-06,128,OZ,5,4.45
67803905,88,81,8101,102820020,11186,2012-03-10,1,CT,1,8.09
67815367,15,9,907,102113020,15704,2012-03-05,22,OZ,1,2.99
67852785,15,20,2002,105100050,27873,2012-03-05,46,OZ,1,3.99
67957375,14,63,6305,102500020,11749,2012-03-05,128,OZ,1,5.99
68076539,4,64,6401,101820010,2510,2012-03-02,240,OZ,1,15.99
68093886,15,7,707,102550020,6550,2012-03-02,10.3,OZ,1,6.49
68185264,95,58,5823,104470040,13310,2012-03-02,16,OZ,1,2.99
68188965,95,4,419,104000040,5168,2012-03-04,9.5,OZ,1,4.99
68216359,17,27,2702,101780010,95301,2012-03-14,8,LB,1,10.99
68342007,18,36,3612,107514070,4369,2012-03-02,128,OZ,1,1.29
68382868,20,58,5834,103760030,8501,2012-03-02,15,OZ,1,4.61
68405887,95,9,916,103361737,19613,2012-03-14,9.7,OZ,1,3.79
68435096,18,4,416,103400030,2689,2012-03-29,1.2,OZ,4,2.58
68451850,4,99,9908,102113020,15704,2012-03-05,12,OZ,1,1.5
68468663,14,56,5617,102100020,9886,2012-03-07,16,OZ,1,4.69
68470926,18,25,2508,101405414,12973,2012-04-14,12,OZ,1,2
68517155,17,99,9904,102113020,15704,2012-03-05,128,OZ,1,4.99
68553518,17,99,9909,107127979,6732,2012-03-04,9,OZ,2,4
68553874,17,63,6315,102113020,10786,2012-03-09,64,OZ,1,2.59
68619204,15,64,6401,1078615070,31512,2012-03-02,67.2,OZ,1,5.69
68681837,15,56,5616,102113020,22356,2012-03-04,8,OZ,1,3.99
68686456,18,82,8201,102113020,16397,2012-03-10,1,CT,1,6.99
68734411,15,8,810,104800141,9814,2012-03-04,0.5,OZ,4,9.16
68886117,18,10,1011,102400020,4704,2012-03-15,7,OZ,1,1
68903050,20,36,3638,106827464,30855,2012-03-03,101.4,OZ,2,5
68925006,14,51,5134,104132242,6167,2012-03-04,22,OZ,1,4.99
69053255,17,8,821,104139040,9659,2012-03-04,12,OZ,1,3.69
69152657,3,31,3110,104470040,13310,2012-03-02,3,OZ,1,2.79
69167658,15,37,3706,104119646,14582,2012-03-07,18.5,OZ,1,1.5
69172169,4,58,5811,1071516676,27806,2012-03-04,12,OZ,2,1.85
69233695,20,54,5403,102708626,5108,2012-03-06,18,OZ,1,3.99
69355551,4,63,6311,108259282,12297,2012-03-08,64,OZ,1,7.99
69461393,4,96,9609,1051600050,88199,2012-03-02,0,,2,-2
69495518,95,33,3303,108411484,9596,2012-03-11,13,OZ,1,4.99
69507993,15,55,5557,107457070,26051,2012-03-07,3.6,OZ,1,1.25
69666042,15,26,2628,103700030,2248,2012-03-11,12,RL,1,13.99
69675741,15,9,907,107313070,13291,2012-03-04,24,OZ,2,9.98
69727908,88,56,5609,102113020,10786,2012-03-10,16,OZ,1,1.99
69802491,88,5,516,1060265262,9673,2012-03-03,1.4,OZ,1,1.95
69808860,17,33,3307,101411313,23033,2012-03-02,8,OZ,2,7.98
69818569,15,9,902,104400040,18775,2012-03-05,9.5,OZ,1,1.5
69853336,20,33,3307,102900020,14112,2012-04-07,16,OZ,1,5.49
69900479,88,21,2118,1073951070,16807,2012-03-26,20,OZ,1,1.25
69956833,20,63,6311,104850040,5072,2012-03-12,59,OZ,2,5
70072294,18,63,6313,104990040,9818,2012-03-08,16,OZ,1,3.99
70128172,18,17,1726,104460040,3718,2012-03-04,35,CT,1,2.49
70163937,17,56,5607,102100020,13967,2012-03-03,8,OZ,3,8.37
70217582,15,56,5620,102113020,10786,2012-03-02,16,OZ,1,4.99
70302821,20,9,907,102113020,30626,2012-03-05,16,OZ,1,0.99
70312933,4,36,3618,104900040,23359,2012-03-04,144,OZ,1,6.29
70401965,88,74,7405,1084105888,15983,2012-03-02,4,CT,1,10.49
70455180,4,55,5567,107756777,4257,2012-03-04,20,OZ,1,3.99
70462513,88,7,708,1076211171,17286,2012-03-02,12,OZ,1,7.99
70463479,4,99,9908,10000,33170,2012-03-04,10,OZ,4,0.4
70535868,4,57,5710,102113020,10786,2012-03-04,6,OZ,1,0.99
70580005,4,18,1831,107116979,1756,2012-03-09,1,CT,1,1.59
70607577,14,29,2928,101530010,58299,2012-03-05,6.5,OZ,1,1
70623585,15,27,2706,105000050,6132,2012-03-02,3,OZ,1,0.8
70653096,18,1,105,107989373,11873,2012-03-08,23.2,OZ,1,12.99
70692138,95,37,3705,1085832888,20002,2012-10-18,14.5,OZ,1,2.3
70697900,14,20,2002,105100050,27873,2012-03-07,33,OZ,1,3.39
70765113,18,26,2604,102113020,15704,2012-03-06,48,CT,1,1.49
70801415,18,41,4108,107989373,12908,2012-03-02,15,OZ,1,0.19
70834566,14,95,9518,107000070,7848,2012-03-02,1,CT,1,0.99
70850323,20,21,2105,105200050,7054,2012-03-10,4,OZ,1,1.49
71011594,17,64,6409,1076943474,20998,2012-03-03,0.75,LT,1,7.99
71040590,15,51,5134,103100030,1358,2012-03-02,4.66,OZ,2,1.91
71054734,88,5,501,1088491282,86364,2012-03-03,16,OZ,1,4.99
71108488,15,41,4107,107035272,11140,2012-04-29,14.5,OZ,1,3.99
71113475,15,99,9904,1071575676,5278,2012-03-04,16,OZ,1,3.99
71121618,4,8,836,105820050,15704,2012-03-04,16,OZ,1,1.69
71141645,88,82,8201,102113020,16397,2012-03-08,1,CT,1,5.99
71298343,95,97,9734,1065356969,12538,2012-03-13,1,CT,1,3.99
71311112,88,36,3601,102113020,15704,2012-03-03,144,OZ,3,4.39
71314426,20,97,9753,1022127020,0,2012-04-13,1,CT,1,6.49
71322589,88,47,4705,102500020,1230,2012-03-05,10,OZ,2,6.58
71378695,4,58,5827,107989373,29344,2012-03-03,12,OZ,1,4.49
71426296,18,4,411,104223848,7932,2012-03-02,5,OZ,1,1.79
71680347,15,18,1828,102340020,15181,2012-03-08,7.5,OZ,1,1.39
71719354,88,36,3611,102113020,15704,2012-05-04,101.4,OZ,1,1.79
71722690,20,97,9753,1022164929,0,2012-03-03,1,CT,1,3.29
71781057,95,63,6315,102113020,10786,2012-03-04,64,OZ,1,3.49
71805275,15,45,4511,103100030,1358,2012-12-04,24,OZ,1,-3.9
71806613,15,58,5812,101590010,1366,2012-03-02,16,OZ,2,3.58
71881849,18,9,907,107989373,29344,2012-03-04,16,OZ,1,2.99
71933039,4,97,9799,101117111,2615,2012-03-04,1,CT,1,9.99
71976236,15,26,2620,102113020,15704,2012-03-11,40,CT,1,3.39
72013530,17,55,5552,102113020,15704,2012-04-08,48,OZ,2,5.98
72251692,15,21,2112,108596888,7413,2012-03-28,13.5,OZ,2,3.78
72353384,4,32,3202,105150050,4307,2012-03-03,64,OZ,1,5.99
72473953,18,3,308,104010040,6455,2012-03-03,4,OZ,1,6.99
72475898,15,51,5127,103100030,1358,2012-03-03,10.1,OZ,1,1
72495512,17,15,1506,102113020,15704,2012-03-03,6,OZ,1,4.99
72587201,15,9,908,107116676,17802,2012-03-02,16,OZ,1,5.79
72600846,15,36,3611,102113020,15704,2012-03-03,405.6,OZ,2,7.09
72670685,17,97,9799,107079272,8183,2012-03-06,1,CT,1,2.29
72870265,18,7,706,101200010,17286,2012-03-02,13.7,OZ,1,2.5
72878052,15,16,1604,102200020,13228,2012-12-20,14,CT,2,2.98
72906560,15,59,5907,101111515,8760,2012-03-07,16,OZ,1,0.99
72943196,4,40,4004,107017777,18928,2012-03-04,3.53,OZ,1,7.19
72954514,17,7,703,1076211171,17286,2012-03-10,4.9,OZ,1,5.95
72960368,15,97,9753,1069706969,0,2012-04-26,1,CT,1,3.99
72965766,15,63,6315,102113020,10786,2012-03-03,128,OZ,1,3.89
73121994,4,91,9109,108200080,16696,2012-03-03,1.75,LT,1,18.99
73218933,17,4,421,102113020,15704,2012-03-04,11,OZ,1,1.79
73222886,18,59,5902,107283070,18390,2012-05-26,16,OZ,1,3.79
73238650,17,35,3506,103700030,3068,2012-03-04,38.1,OZ,1,11.99
73269543,20,55,5558,102113020,10786,2012-03-04,36.8,OZ,1,4.99
73325479,95,36,3633,107084777,7912,2012-03-02,96,OZ,1,2.99
73327812,88,21,2118,1073951070,16807,2012-03-03,20,OZ,5,5
73327813,15,33,3305,102840020,18584,2012-03-07,9.75,OZ,2,4.98
73399387,95,9,920,104400040,15335,2012-05-06,6,OZ,2,6
73410200,15,97,9753,1022213222,0,2012-03-07,1,CT,1,2.49
73442225,15,36,3611,101200010,803,2012-03-17,20,OZ,1,1.59
73486214,95,36,3618,101200010,23361,2012-03-04,20,OZ,1,1.69
73507112,88,37,3706,104119646,14582,2012-03-02,19,OZ,2,4.58
73544854,15,9,912,107294575,15878,2012-03-02,15.6,OZ,1,4.59
73546997,95,51,5123,102113020,15704,2012-03-21,26.4,OZ,1,6.99
73552673,15,27,2709,105849656,18139,2012-03-03,3,OZ,1,2.39
73606559,15,11,1111,1075365676,18312,2012-03-02,2.1,OZ,8,8.2
73660439,20,57,5710,104667545,20216,2012-03-08,16,OZ,2,6
73668079,15,5,501,101600010,3331,2012-03-02,17,OZ,2,5.98
73719666,3,21,2112,107045070,17674,2012-03-04,48,OZ,1,3.99
73850140,88,92,9210,102270020,4197,2012-03-02,0.24,OZ,1,7.11
73891863,88,64,6401,101820010,2510,2012-03-02,144,OZ,1,11.97
73895490,95,37,3707,102113020,15704,2012-04-24,13.7,OZ,1,0.4
73925987,95,79,7903,107244070,13776,2012-03-04,1,CT,1,5.99
73958837,18,25,2506,104127141,26189,2012-03-02,32,OZ,1,3.29
74059460,4,7,708,1076211171,17286,2012-03-07,12,OZ,1,7.99
74144834,95,99,9909,107127979,6732,2012-03-04,12,OZ,2,1.96
74332465,20,5,516,101600010,12426,2012-03-06,6,OZ,4,17.56
74469519,15,4,411,102113020,15704,2012-03-06,15,OZ,1,1.79
74837714,4,63,6320,102113020,10786,2012-03-05,12,CT,1,1.59
74839067,4,55,5552,107292070,9166,2012-03-08,48,OZ,1,3.99
74866605,15,41,4108,103940030,71386,2012-03-02,15.5,OZ,2,3.58
74953910,4,26,2619,102113020,15704,2012-04-02,10,CT,1,6.49
75006613,4,9,901,104400040,85927,2012-03-03,8.8,OZ,4,10
75032259,15,63,6315,102113020,10786,2012-04-16,32,OZ,1,1.35
75051515,4,17,1709,101920010,10882,2012-03-02,24,OZ,1,2.5
75073354,15,4,417,103400030,15113,2012-03-02,2.8,OZ,1,1.79
75088826,4,33,3309,102840020,18584,2012-03-11,18,OZ,1,3.99
75144651,4,13,1306,102113020,15704,2012-07-21,5,LB,1,3.39
75178587,15,12,1205,104800040,38150,2012-03-10,12,OZ,3,7.97
75251925,14,14,1404,101480010,12021,2012-03-26,23.4,OZ,2,5.18
75439019,4,63,6308,101630010,6509,2012-03-04,59,OZ,1,2.57
75476003,3,36,3611,102113020,15704,2012-03-10,405.6,OZ,2,7.98
75547491,3,9,907,104500040,1574,2012-03-02,16,OZ,1,3.99
75555091,4,63,6320,102113020,10786,2012-03-06,18,CT,1,3.59
75562862,4,63,6312,102500020,16487,2012-03-07,59,OZ,1,3.19
75671702,15,63,6313,102113020,16397,2012-03-06,15,OZ,1,3.79
75677935,3,59,5902,105820050,10786,2012-03-02,16,OZ,1,1.78
75682991,4,63,6315,107989373,30626,2012-03-05,128,OZ,1,3.09
75683708,15,8,822,107013272,9327,2012-03-12,29.5,OZ,1,5.95
75697857,4,9,907,102113020,3765,2012-03-08,24,OZ,1,2.5
75747032,95,2,214,104144949,9916,2012-03-06,160,OZ,1,8.79
75894770,18,33,3303,102840020,10241,2012-03-17,1.88,OZ,1,1.09
75902494,4,31,3101,105210050,11382,2012-03-06,1.12,OZ,1,5.49
76008522,3,64,6409,101235414,13748,2012-03-02,0.75,LT,1,9.99
76011413,95,69,6901,102220020,17067,2012-03-02,3,OZ,1,1.99
76029192,95,49,4901,101312010,26885,2012-03-04,26,OZ,1,3.38
76053542,4,22,2204,1088596787,12614,2012-03-23,20,OZ,1,2.79
76119328,4,36,3634,1073951070,16807,2012-03-04,20,OZ,3,3
76122242,95,4,418,103400030,9739,2012-10-04,10.78,OZ,1,2
76155746,95,96,9609,1051254656,88199,2012-03-02,0,,1,-1
76210273,3,27,2706,1075764575,12598,2012-03-03,3,OZ,6,8.34
76212982,15,9,902,101410010,45039,2012-03-02,6.6,OZ,1,1.19
76422259,17,5,516,101600010,12426,2012-03-03,8.9,OZ,2,5
76473957,18,36,3630,101200010,13794,2012-05-10,20,OZ,1,1.69
76534475,88,9,902,102410020,44209,2013-05-02,7,OZ,1,2
76540066,20,63,6315,107989373,30626,2012-03-05,128,OZ,1,1.97
76711931,15,58,5812,104470040,13310,2012-03-04,16,OZ,2,3.99
76810402,20,57,5704,104667545,20216,2013-01-02,16,OZ,1,2.5
76895949,15,4,427,102200020,506,2012-03-06,0.37,OZ,1,1.39
76957383,17,26,2604,102113020,15704,2012-03-02,50,CT,2,2.58
76991480,95,99,9908,102113020,15704,2012-03-02,80,OZ,1,1.99
77041700,17,5,501,103800030,11732,2012-03-04,15.8,OZ,2,5.98
77057322,15,63,6315,103377636,16650,2012-03-02,64,OZ,1,3.99
77067233,18,21,2118,1083609383,9003,2012-03-10,33.6,OZ,1,4.79
77169013,14,36,3630,107800070,5208,2012-03-02,288,OZ,1,6.99
77202444,14,9,907,107087070,12106,2012-03-03,24,OZ,1,2.99
77225308,15,58,5823,102113020,22356,2012-03-15,16,OZ,1,6.49
77225749,17,99,9908,107047575,7217,2012-03-04,8,OZ,1,2.49
77249144,18,9,902,102113020,15704,2012-03-12,4.4,OZ,1,2.99
77250071,18,54,5403,107790070,9200,2012-03-12,7,OZ,1,3
77270297,17,29,2908,104430040,15487,2012-03-19,16,OZ,1,1.29
77322805,18,6,610,1081809484,15414,2012-04-16,16,OZ,1,1.67
77368715,14,37,3703,105100050,2820,2012-03-04,10.75,OZ,2,2.19
77410681,15,23,2301,107680878,1393,2012-03-14,12,OZ,1,1.25
77448402,18,6,610,1081809484,15414,2012-04-26,16,OZ,2,4
77478019,4,36,3604,102113020,15704,2012-03-05,67.6,OZ,1,0.99
77608607,15,33,3303,101159414,8005,2012-03-03,8,OZ,1,3.69
77660546,14,37,3703,105100050,2820,2012-03-04,26,OZ,2,4.98
77706058,4,63,6320,102113020,10786,2012-03-02,18,CT,1,3.69
77734788,4,19,1908,104800141,16564,2012-03-05,15,OZ,1,3.29
77760889,14,56,5607,105820050,10786,2012-03-02,2,OZ,1,0.79
77791443,14,27,2710,1032259131,101587,2012-03-03,8,LB,3,27.57
77801039,4,27,2707,101780010,3108,2012-03-04,4.2,LB,1,5.99
77816389,4,95,9518,1061029060,7848,2012-03-02,1,CT,1,1.99
77964334,88,41,4108,103940030,71386,2012-03-06,16,OZ,6,8.34
77989055,88,16,1604,102200020,5558,2012-03-02,54,CT,1,2
77998305,18,64,6409,109998898,11499,2012-03-02,0.75,LT,1,10.99
78011710,20,9,907,107885878,57184,2012-03-05,12.69,OZ,2,7.38
78038363,18,37,3705,105100050,2820,2012-03-02,18.8,OZ,2,5.98
78057763,95,63,6315,102113020,10786,2012-03-04,128,OZ,1,3.09
78087333,15,51,5126,101380010,27474,2012-03-02,20,OZ,8,20.8
78087666,95,36,3628,107800070,17203,2012-04-26,67.6,OZ,1,0.99
78093985,20,51,5117,104280040,18599,2012-03-14,9.8,OZ,2,2.5
78270379,18,64,6408,108500080,2983,2012-03-06,4,LT,1,13.49
78493420,4,54,5403,107790070,9200,2012-03-03,7.5,OZ,1,3
78533743,88,36,3618,101200010,23361,2012-03-11,144,OZ,2,12.98
78584042,15,9,907,102113020,30626,2012-03-02,12,OZ,1,1.29
78682016,15,12,1206,108000080,17292,2012-03-02,2.6,OZ,2,3.78
78756467,15,21,2106,103120030,12957,2012-03-03,64,OZ,1,3.99
78774376,15,55,5555,107684070,32094,2012-03-03,16,OZ,2,7.48
78811334,15,51,5124,107320272,9303,2012-03-04,5,OZ,4,2.5
78828559,17,58,5836,107590070,2073,2012-03-04,12,OZ,1,3.99
78851124,18,25,2507,107235070,68047,2012-03-02,15.5,OZ,1,1.39
78918675,15,55,5552,107756777,2347,2012-03-04,48,OZ,2,6.99
78964240,88,51,5115,107192171,18492,2012-04-06,21.6,OZ,1,3.34
79022865,15,36,3635,102113020,15704,2012-03-02,33.8,OZ,3,1.7
79036770,4,5,501,103800030,6796,2012-03-06,14,OZ,2,3.98
79082239,15,63,6309,1082415080,22328,2012-03-07,8,OZ,1,1.99
79296732,15,29,2908,104430040,15487,2012-03-20,16,OZ,3,3.87
79504758,18,73,7345,1030004333,79368,2012-04-21,18,CT,1,5.29
79526178,88,29,2904,101530010,13610,2012-03-09,4.7,OZ,1,1.25
79732226,3,97,9753,1085078989,0,2012-03-09,1,CT,1,1.19
79740809,18,9,907,102113020,15704,2012-03-02,24,OZ,1,2
79842864,18,97,9753,1021272525,0,2012-03-10,1,CT,1,4.65
79843628,18,29,2914,101356212,713,2012-03-02,6,OZ,2,0.8
79878358,18,26,2628,102113020,15704,2012-03-02,8,RL,1,6.99
79920713,17,29,2904,101530010,13610,2012-04-06,4.7,OZ,1,1.25
79945060,88,51,5117,104280040,18599,2012-03-04,10.2,OZ,1,1.29
79959392,18,63,6315,107989373,30626,2012-03-12,128,OZ,1,2.49
80012927,18,74,7405,1084105888,15983,2012-03-02,4,CT,1,18.19
80063680,18,63,6314,102113020,10786,2012-03-02,16,OZ,1,1.09
80065065,18,43,4302,102113020,15704,2012-03-08,8,OZ,1,0.29
80066853,18,63,6314,102113020,10786,2012-03-04,8,OZ,1,0.99
80257192,18,33,3310,107373171,11786,2012-03-17,4,OZ,1,3.39
80270619,17,41,4108,102880020,7907,2012-03-02,15.5,OZ,3,3
80337071,20,36,3631,102113020,15704,2012-03-06,67.6,OZ,1,0.69
80374352,17,53,5307,101450010,20864,2012-03-11,12,OZ,1,2.59
80415084,95,24,2403,102113020,15704,2012-03-07,9.75,OZ,2,5.78
80503859,18,99,9909,102113020,15704,2012-03-05,6.25,OZ,1,3.99
80511118,15,99,9904,103338333,33170,2012-03-13,32,OZ,1,3.99
80629938,14,81,8101,102820020,11186,2012-03-04,1,CT,2,11.78
80637511,15,46,4606,102113020,15704,2012-03-02,16,OZ,1,3.59
80699999,18,35,3508,103700030,18371,2012-03-21,100,OZ,1,14.99
80700561,15,99,9904,103338333,33170,2012-03-31,16,OZ,1,3.49
80786289,15,34,3410,102113020,15704,2012-03-04,40,OZ,1,3.49
80787894,15,51,5125,107989373,5537,2012-06-05,8.75,OZ,1,2
80802693,18,34,3410,102113020,15704,2012-03-14,7.5,OZ,1,0.99
80812040,4,99,9908,10000,33170,2012-03-03,10,OZ,1,0.1
81020106,15,37,3705,104119646,14582,2012-03-02,18.5,OZ,1,2.99
81026544,95,63,6315,107989373,30626,2012-03-11,128,OZ,1,2.59
81109637,95,97,9753,10000,0,2012-03-02,1,CT,1,0.99
81127950,4,91,9110,108860080,7497,2012-03-02,0.75,LT,1,8.99
81242696,14,2,213,107248676,9190,2012-03-07,51,OZ,1,4.29
81280152,20,97,9753,10000,0,2012-03-08,1,CT,1,1
81488812,95,36,3630,107800070,5208,2012-03-02,20,OZ,1,1.2
81520119,4,34,3410,101700010,4912,2012-03-02,7.5,OZ,2,1.98
81564970,20,8,836,105440050,15137,2012-06-17,24,OZ,1,4.25
81649178,88,33,3305,102840020,15870,2012-03-05,14,OZ,1,2.19
81848970,3,51,5115,103120535,8422,2012-03-11,4.7,OZ,1,3.5
81966679,18,33,3308,102840020,3336,2012-03-02,9.75,OZ,1,3.29
82073757,18,26,2629,104200040,19231,2012-03-06,100,CT,1,2.99
82274425,88,33,3308,102840020,3336,2012-03-04,9.75,OZ,3,2.5
82282315,4,73,7316,1030800434,32363,2012-03-03,0.34,OZ,1,30.49
82395989,3,36,3635,108304686,8688,2012-03-03,33.8,OZ,2,2
82599973,15,3,303,102113020,15704,2012-04-08,3.2,OZ,1,2.99
82604535,15,20,2002,105100050,27873,2012-03-05,46,OZ,1,3.49
82616656,15,16,1604,101254616,4806,2012-03-05,16,CT,1,1.39
82686601,15,19,1905,102113020,15704,2012-03-04,18,OZ,1,2.5
82691007,15,53,5307,101450010,20864,2012-03-04,12,OZ,3,7.26
82704044,15,9,907,107313070,13291,2012-08-01,24,OZ,2,4.99
82723973,15,5,520,1072990676,4161,2012-03-02,18,OZ,1,3.3
82745965,15,5,501,102113020,15704,2012-03-02,28,OZ,1,4.09
82765230,4,45,4508,104132242,16106,2012-03-02,22,OZ,1,5.99
82779026,95,63,6315,107989373,30626,2012-03-05,128,OZ,1,2.59
82793956,95,18,1835,104460040,9709,2012-05-02,12.5,LB,1,11.99
82794063,4,4,416,104000040,26517,2012-03-04,1.69,OZ,1,1.19
82834562,95,99,9908,102113020,15704,2012-03-02,160,OZ,1,2.88
82853199,3,41,4107,102113020,15704,2012-03-02,15.25,OZ,1,0.75
82987540,18,9,907,102113020,13362,2012-03-13,22,OZ,1,1.29
83087396,15,91,9126,108043282,9077,2012-03-02,0.75,LT,1,25.55
83288376,4,25,2504,105000050,3001,2012-03-05,12,OZ,3,4.77
83293219,3,36,3611,108304686,8688,2012-03-09,101.4,OZ,1,1
83312233,3,33,3318,102113020,15704,2012-03-03,13,OZ,1,0.75
83346475,4,58,5814,104470040,10837,2012-03-11,8.9,OZ,1,2.99
83388725,15,58,5827,102113020,15704,2012-04-08,16,OZ,1,5.99
83403945,4,55,5557,104767747,5168,2012-03-02,8.67,OZ,1,3.5
83438163,4,99,9904,1071575676,5278,2012-03-02,6,OZ,1,4.49
83512653,88,56,5617,102100020,19279,2012-03-03,12,OZ,1,3
83600209,95,58,5811,102113020,28503,2012-03-05,4,OZ,1,5.49
83636976,18,57,5705,107047070,20230,2012-03-07,48,OZ,1,5.99
83679506,88,26,2628,103040030,17034,2012-03-27,1,RL,1,1.5
83710599,95,96,9609,1053700050,88199,2012-03-04,0,,2,-3
83714852,95,63,6315,107989373,30626,2012-07-06,128,OZ,2,5.18
83741316,95,8,814,102113020,15704,2012-03-02,24,OZ,1,2.99
83756976,95,21,2106,105100050,27873,2012-03-09,64,OZ,4,10
83806440,4,33,3303,102840020,10241,2012-03-04,10,OZ,1,3.68
83845536,95,73,7304,1073221676,20340,2012-03-02,25,CT,1,11.99
83860729,3,73,7312,107430070,19436,2012-03-04,0.5,OZ,1,6.99
83861741,15,75,7503,103660030,3271,2013-01-06,0.15,OZ,1,1.99
83868868,95,36,3601,102113020,15704,2012-03-02,144,OZ,1,0.79
83913150,17,33,3307,101411313,23033,2012-09-08,8,OZ,2,5.99
83938442,95,36,3611,107114272,915,2012-03-02,405.6,OZ,2,8.58
83957992,15,5,516,101862717,9496,2012-03-06,6.7,OZ,1,3.99
83961677,15,9,907,107341070,13291,2012-03-06,12,OZ,1,2.99
84172665,17,33,3315,102113020,15704,2012-03-06,36,OZ,1,10.89
84187287,17,31,3101,102113020,30626,2012-03-05,0.8,OZ,1,0.99
84196639,14,64,6408,1076961171,16902,2012-03-27,0.75,LT,3,59.94
84214407,18,62,6202,102484222,2542,2012-03-06,20,OZ,1,7.49
84251640,15,36,3629,101200010,23360,2012-03-03,144,OZ,3,11.97
84290725,15,6,607,107007474,5810,2012-03-12,48,OZ,1,7.99
84366538,14,57,5704,103663232,4568,2012-03-05,16,OZ,1,2.39
84407335,18,11,1111,10834686,27393,2012-03-02,40,OZ,2,10
84489696,15,28,2806,102113020,15704,2012-04-01,16,OZ,1,-0.76
84497385,15,99,9909,107127979,6732,2012-03-07,9.8,OZ,2,6
84538207,15,99,9902,107989373,12908,2012-03-02,14,OZ,1,0.5
84546911,14,29,2905,107313070,2079,2012-03-04,14,OZ,1,4.69
84622907,15,55,5552,104154848,5603,2012-07-02,48,OZ,1,5.66
84623847,4,9,907,107313070,13291,2012-03-03,24,OZ,1,2.99
84736190,17,21,2108,102113020,15704,2012-03-03,64,OZ,1,1.99
84841861,18,34,3411,103700030,13056,2012-03-02,18,OZ,1,2.99
84851927,4,56,5609,102113020,10786,2012-03-06,16,OZ,2,4.98
84914367,3,9,912,104812141,18322,2012-03-07,20,OZ,1,2.99
84937280,15,37,3703,105100050,2820,2012-03-02,10.75,OZ,3,5.07
85000486,95,63,6320,1071514171,25530,2012-03-07,12,CT,1,3.99
85027363,95,97,9753,1021091020,0,2012-03-02,1,CT,1,10.99
85054075,15,95,9518,1072047373,7848,2012-03-04,1,CT,1,1.99
85149094,88,40,4004,107765272,17309,2012-03-02,1.1,OZ,1,2
85167394,18,36,3611,102113020,15704,2012-03-07,33.8,OZ,2,2.98
85212757,3,53,5307,101450010,20864,2012-03-03,12,OZ,2,4.98
85242950,95,63,6315,102113020,10786,2012-03-05,128,OZ,1,2.99
85287702,15,33,3315,103024333,7468,2012-03-09,8,OZ,1,1.5
85358490,88,45,4514,102113020,15704,2012-03-04,64,OZ,1,11.21
85393359,95,55,5567,107585676,9798,2012-03-02,16,OZ,1,2.99
85651732,95,36,3635,107114272,915,2012-04-07,33.8,OZ,3,3.19
85667880,17,3,302,103400030,8247,2012-03-16,8,OZ,1,3.69
85674257,95,4,416,103400030,15113,2012-03-04,1.5,OZ,1,0.99
85709345,15,26,2634,104200040,14813,2012-03-04,24,RL,2,25.98
85811085,17,5,501,101600010,85114,2012-03-03,17,OZ,1,1.69
85835304,88,8,818,105100050,14403,2013-03-02,24,OZ,2,6.18
85851216,15,97,9717,103139838,33170,2012-05-28,1,CT,1,16.99
86017761,4,62,6201,102113020,15704,2012-03-06,22,OZ,1,2.5
86110264,4,64,6401,107089777,6627,2012-03-03,25.4,OZ,2,4
86154247,4,26,2629,104200040,19231,2012-03-14,100,CT,1,2.99
86171654,4,11,1113,102558323,18482,2012-03-04,14,OZ,2,6.98
86228042,95,99,9909,107127979,6732,2012-03-03,6.5,OZ,1,1.99
86237887,15,97,9753,10000,0,2012-03-02,1,CT,1,0.5
86467278,4,63,6312,104850040,5072,2012-03-05,64,OZ,2,4
86482671,15,57,5705,107047070,20230,2012-03-03,6,OZ,1,0.6
86509830,95,9,907,107222070,6669,2012-03-04,22.5,OZ,1,2.49
86513418,4,33,3302,102113020,15704,2012-03-11,30,OZ,1,4.99
86528154,88,58,5824,107778272,9260,2012-03-02,19,OZ,1,4.49
86650559,4,99,9909,107989373,12908,2012-03-05,16,OZ,1,-1.5
86668977,95,57,5704,107283070,18390,2012-03-25,6,OZ,4,2
86722822,4,92,9215,107560979,13012,2012-03-04,1.7,OZ,1,21.14
86770843,3,5,517,103800030,69260,2012-03-04,10.4,OZ,2,3.98
86829188,95,2,213,104144949,9916,2012-03-02,17.1,OZ,1,2.5
86880128,18,63,6315,102113020,10786,2012-03-05,64,OZ,2,6.98
86913684,14,56,5607,102113020,10786,2012-03-02,8,OZ,3,3
86954719,18,32,3201,105150050,4307,2012-03-05,16,OZ,1,3.99
86990589,17,63,6320,102113020,10786,2012-03-04,18,CT,1,3.79
86991152,15,40,4005,103291737,27804,2012-03-06,1.13,OZ,1,3.99
86995220,17,9,901,104400040,12661,2012-03-03,11,OZ,1,3.29
87011416,88,36,3634,1078616272,7237,2012-03-03,33.8,OZ,4,2
87030734,88,97,9753,10000,0,2012-03-06,1,CT,1,0.99
87132362,20,99,9909,102113020,16397,2012-03-07,9,OZ,1,4.99
87134722,15,63,6318,102113020,16397,2012-03-02,23,OZ,1,5
87277803,15,71,7106,103700030,8047,2012-03-03,14.2,OZ,1,5.49
87278931,15,33,3307,101411313,23033,2012-03-03,20,OZ,1,10.49
87332610,18,91,9131,109674999,77999,2012-04-25,0.75,LT,1,12.29
87385264,18,63,6315,102113020,10786,2012-03-28,128,OZ,1,3.59
87415235,17,34,3410,1081793989,11556,2012-08-18,10,OZ,1,3.69
87423533,18,24,2406,104450040,25930,2012-04-24,8,OZ,1,0.99
87434186,20,33,3310,102840020,3387,2012-03-06,6,OZ,1,2
87452255,18,9,907,102113020,15704,2013-01-24,22,OZ,1,1.49
87480877,15,8,814,107210171,10069,2012-03-12,16,OZ,1,3.39
87542139,18,45,4508,101960010,19214,2012-03-11,18.1,OZ,1,3.49
87553372,15,99,9904,103338333,33170,2012-03-05,6,OZ,2,6
87731076,18,8,814,107538676,5735,2012-03-05,7,OZ,6,5.05
87789095,88,63,6315,107989373,30626,2012-03-13,128,OZ,1,2.59
87823426,15,99,9904,102113020,15704,2012-03-04,128,OZ,4,11.96
87979812,3,36,3601,104900040,3809,2012-03-03,67.6,OZ,1,-2
87988583,4,63,6315,102113020,10786,2012-03-02,128,OZ,1,3.49
88068513,95,82,8201,102113020,16397,2012-03-03,1,CT,1,5.99
88081145,20,36,3611,102113020,15704,2012-03-11,405.6,OZ,1,2.99
88100026,95,4,418,104000040,26517,2012-03-04,12.6,OZ,1,3.99
88119323,18,55,5557,107756777,11005,2012-04-01,10.14,OZ,1,3.49
88197317,17,63,6305,104850040,18799,2012-03-03,89,OZ,1,5.49
88254015,88,59,5905,101111515,2445,2012-03-04,15,OZ,1,3.29
88312361,4,9,921,102113020,15704,2012-03-03,4,OZ,2,1
88330358,88,9,901,102780020,12006,2012-03-11,16,OZ,1,2.5
88345121,18,34,3499,1073304676,71311,2012-03-17,1,CT,1,2.99
88347147,18,4,416,103400030,15113,2012-03-02,1.5,OZ,0,0
88371978,15,15,1504,104114343,17593,2012-03-02,15,OZ,1,3.99
88385472,4,35,3508,103700030,18371,2012-03-02,100,OZ,1,5.78
88404019,95,33,3308,102840020,3336,2012-03-13,9.75,OZ,1,2
88542039,4,5,516,101600010,12426,2012-03-05,7.1,OZ,2,5
88545027,95,56,5614,102113020,10786,2012-03-06,16,OZ,1,4.7
88555468,4,22,2207,1075703777,13386,2012-03-13,12,OZ,1,3.99
88670747,3,33,3307,101411313,23033,2012-06-14,20,OZ,1,6.99
88704495,4,58,5814,104470040,10837,2012-03-02,3.4,OZ,2,1.98
88718571,17,37,3706,104119646,14582,2012-03-02,19,OZ,1,0.99
88780802,20,33,3318,102840020,15441,2012-03-26,10,OZ,1,1.67
88798493,88,62,6201,107349171,9883,2012-03-02,22,OZ,1,3
88852308,88,8,818,103620030,14868,2012-03-02,24,OZ,1,1.25
88859651,3,99,9909,107127979,6732,2012-03-04,12,OZ,1,2
88947105,18,29,2926,102113020,15704,2012-03-04,320,OZ,1,16.99
89021473,15,63,6315,102113020,10786,2012-03-03,32,OZ,1,2.59
89043016,17,14,1404,101480010,12021,2012-03-12,24,OZ,1,2.39
89121969,20,16,1604,102200020,6021,2012-03-02,15,CT,0,0
89122689,4,8,814,102840020,18584,2012-03-03,24,OZ,1,3.99
89319101,14,58,5826,107187171,13310,2012-03-03,12,OZ,1,3.99
89332055,17,29,2925,101740010,11011,2012-03-03,32,OZ,1,2.79
89335145,4,72,7205,103500030,3830,2012-03-03,6.4,OZ,1,3.99
89508961,4,21,2117,108768484,2903,2012-03-02,60,OZ,3,5.97
89549222,15,4,416,103400030,15113,2012-03-04,1.2,OZ,8,7.74
89594685,15,41,4107,102400020,4704,2012-03-02,14.5,OZ,2,3.98
89655569,18,45,4517,102113020,104209,2012-03-07,40,OZ,1,10.99
89804101,18,81,8115,106661969,14410,2012-03-02,200,CT,6,13.14
90043887,15,26,2619,101258717,7245,2012-03-02,40,CT,1,9.59
90300011,15,18,1819,103160030,9772,2012-03-10,2.5,OZ,1,6.99
90373362,18,30,3008,102066222,12598,2012-03-05,16,OZ,1,3.49
90413696,15,9,902,104400040,18775,2012-03-04,9,OZ,1,3.99
90435395,15,5,516,101600010,12426,2012-03-03,7.1,OZ,1,3
90459912,18,3,311,101600010,1756,2012-03-12,12,OZ,1,2.05
90486190,15,64,6401,107289070,8159,2012-03-19,72,OZ,1,8.49
90520885,18,9,902,104400040,19783,2012-03-02,9.5,OZ,2,5
90548180,14,10,1011,1085123181,17625,2012-03-06,8,OZ,5,6.95
90587177,14,73,7304,1073221676,20340,2012-03-05,1,OZ,2,23.98
90596464,20,7,708,1088133484,5357,2012-03-04,12,OZ,2,17.98
90632957,17,5,501,103000030,45635,2012-03-03,18,OZ,1,2.5
90675707,95,25,2506,102113020,10786,2012-03-02,32,OZ,0,0
90732345,4,45,4511,102370020,18969,2012-03-03,30,OZ,1,0
90744384,18,25,2506,102113020,10786,2012-03-04,32,OZ,1,3.29
90786210,3,4,416,103400030,8247,2012-04-05,1.55,OZ,1,1.19
90887963,4,73,7304,101650010,25043,2012-03-07,20,CT,1,6.49
91006979,4,32,3204,1085068787,71402,2012-03-03,25.4,OZ,1,8.99
91057678,18,63,6315,102113020,10786,2012-03-03,128,OZ,1,2.99
91099035,18,64,6406,108515585,3254,2012-03-06,0.75,LT,1,16.99
91365072,18,21,2117,108768484,2903,2012-03-03,60,OZ,2,3.98
91452911,3,25,2508,108425383,16989,2012-03-07,64,OZ,1,5.49
91466094,95,63,6305,102113020,15704,2012-03-05,64,OZ,1,2.49
91532519,3,51,5116,107192171,25673,2012-03-06,30.5,OZ,1,5
91550080,15,99,9901,107989373,12908,2012-03-04,0.66,OZ,1,1.99
91566164,95,64,6408,108858686,25456,2012-03-05,0.75,LT,1,6.29
91595859,18,56,5614,102113020,10786,2012-03-02,1,OZ,3,0.99
91605143,17,25,2509,107989373,12908,2012-03-07,32,OZ,1,2.99
91652959,14,8,811,103620030,1698,2012-03-07,24,OZ,1,3.29
91662030,3,5,517,103800030,69260,2012-03-04,10.4,OZ,1,1.99
91666672,4,5,519,103000030,14760,2012-03-05,15.1,OZ,1,0
91858772,4,99,9904,102113020,15704,2012-03-09,128,OZ,1,5.99
91859572,95,26,2630,102113020,15704,2012-03-15,184,CT,1,1.59
91883639,14,4,418,103400030,2689,2012-03-03,10,OZ,1,4
91916020,20,95,9518,1061029060,7848,2012-03-04,1,CT,1,3.99
91998805,20,58,5812,104470040,13310,2012-03-04,16,OZ,2,3.99
92076370,88,21,2106,102113020,15704,2012-03-09,64,OZ,1,2.99
92083732,4,63,6320,102113020,10786,2012-05-05,18,CT,1,3.99
92194630,3,99,9908,103710232,11930,2012-03-05,16,OZ,1,3
92248581,95,5,501,103800030,14900,2012-03-05,20,OZ,2,5.98
92439029,4,31,3101,102113020,23455,2012-03-03,4.5,OZ,1,1.19
92486410,15,63,6312,1072243070,64627,2012-03-02,16,OZ,1,2.5
92550110,95,55,5557,107684070,32094,2012-03-03,3.6,OZ,2,2
92559832,88,32,3204,107321070,17274,2012-06-30,101.4,OZ,1,17.99
92584515,15,79,7903,107099272,27869,2012-03-08,1,CT,1,4.49
92679802,20,57,5704,103663232,4568,2012-03-17,16,OZ,4,8
92736314,14,26,2630,103600030,9787,2012-04-26,75,CT,4,7.96
92795637,95,59,5902,107283070,18390,2012-03-08,16,OZ,1,3.99
92818841,88,63,6315,1074236575,8499,2013-01-03,64,OZ,1,4.59
92885051,88,9,917,101507313,35715,2012-03-10,26,OZ,1,2.79
92889445,20,73,7302,1030004535,18961,2012-03-16,100,CT,1,11.69
93047504,18,63,6320,1071514171,25530,2012-03-06,12,CT,1,3.79
93143520,18,5,516,101600010,12426,2012-03-22,7.4,OZ,1,3.79
93225978,15,9,907,107989373,29344,2012-03-11,24,OZ,2,7.98
93334672,18,25,2509,102113020,10786,2012-03-02,32,OZ,1,1.79
93505294,15,71,7113,1060308464,7034,2012-03-02,25.4,OZ,2,10
93512574,4,29,2920,102970020,8711,2012-03-03,4,OZ,4,5.56
93737740,15,8,822,104150141,10197,2012-03-06,28,OZ,1,2.69
93752475,15,30,3008,102100020,9886,2012-03-04,24,OZ,1,5.99
93765042,15,10,1012,102113020,15704,2012-03-04,13,OZ,2,1.16
93937606,15,26,2622,102113020,15704,2012-03-13,20,CT,1,2.59
94182865,4,36,3611,104900040,4599,2012-03-10,405.6,OZ,2,7.98
94244413,4,99,9909,102113020,16397,2012-03-03,10.75,OZ,1,4.99
94297450,15,36,3611,106827464,30855,2012-03-03,405.6,OZ,1,4.29
94315295,14,34,3410,107418272,16853,2012-03-04,7.5,OZ,1,1.89
94340788,18,9,902,103010030,47346,2012-10-11,16,OZ,1,1.99
94389297,17,27,2701,102310020,13705,2012-03-08,22,OZ,1,1.1
94511459,14,9,907,102113020,15704,2012-03-02,16,OZ,1,1.99
94657486,18,8,818,103620030,14868,2012-03-06,24,OZ,2,4.05
94664056,4,34,3405,101111111,5168,2012-03-28,56,OZ,1,14.99
94732389,20,4,411,104223848,7932,2012-03-04,5,OZ,1,1.79
94771597,17,14,1417,103732333,12209,2012-03-03,14.5,OZ,1,5.19
94877636,17,9,907,104500040,20016,2012-03-18,20,OZ,1,2.49
94908846,3,91,9115,108048080,1230,2012-03-05,0.75,LT,1,11.99
94953922,18,36,3618,102113020,15704,2012-03-02,144,OZ,1,2.5
95020704,20,58,5836,107778272,9260,2012-03-15,12,OZ,1,3.99
95067021,18,57,5707,107047070,20230,2012-03-09,18,OZ,1,3.99
95106087,18,5,501,102190828,3073,2012-03-07,9,OZ,1,4.99
95138078,14,36,3601,104900040,3809,2012-03-04,20,OZ,1,1.59
95138692,18,58,5824,107456272,2682,2012-03-02,10,OZ,2,1.98
95268323,95,33,3301,107989373,12908,2012-03-13,5,OZ,1,2.59
95293170,4,28,2804,102113020,15704,2012-03-03,12,OZ,1,2.99
95476141,88,5,501,103800030,4352,2012-03-03,14.1,OZ,1,2.5
95508708,95,64,6401,107199070,4043,2012-03-02,144,OZ,1,12.3
95525203,17,5,502,101600010,1756,2012-03-04,8,OZ,1,2.5
95670777,14,55,5555,107457070,26051,2012-03-21,28,OZ,1,5.99
95696226,15,26,2617,102113020,15704,2012-03-02,1,CT,1,1.49
95721843,14,36,3601,104900040,3809,2012-03-30,240,OZ,1,5
95735718,15,37,3709,107066272,12673,2012-03-20,18,OZ,1,0.8
95777854,15,4,417,103400030,8247,2012-03-14,4.25,OZ,5,7.5
95890860,15,58,5834,104859444,54886,2012-03-02,12,OZ,1,6.99
95904403,15,58,5823,102113020,15704,2012-03-05,3,OZ,4,7.96
95990981,4,36,3627,101200010,16391,2012-03-07,67.6,OZ,1,0.99
96001726,14,9,907,107087070,12106,2012-03-02,24,OZ,1,2.69
96128621,14,9,907,107294575,15878,2012-03-05,20,OZ,1,1.99
96202663,3,5,501,103800030,14900,2012-04-25,20,OZ,4,10
96203375,4,73,7357,103160434,12423,2012-03-02,100,CT,2,7.39
96281025,18,51,5128,1079233878,18519,2012-04-03,16,OZ,2,10
96384694,18,58,5811,102113020,4720,2012-03-10,15,OZ,1,5.99
96401350,20,21,2117,108768484,2903,2012-03-03,60,OZ,1,1.99
96487967,95,53,5307,102113020,15704,2012-03-07,16,OZ,1,1.59
96497792,95,99,9909,107989373,12908,2012-06-03,5,OZ,1,2.99
96648193,15,58,5823,102113020,15704,2012-03-18,16,OZ,1,3.69
96654400,20,99,9909,107127979,6732,2012-03-04,5,OZ,1,2
96664186,15,43,4302,102113020,10786,2012-03-03,14,OZ,2,0.93
96671064,18,4,410,107172070,18529,2012-03-02,2.25,OZ,1,1.19
96689034,4,99,9908,101833717,26028,2012-03-05,12,OZ,1,2.5
96689145,4,33,3302,106414464,9191,2012-03-03,4.5,OZ,2,4.58
96694287,4,45,4508,101960010,19214,2012-03-16,18.1,OZ,2,7.49
96695996,17,73,7325,1032113030,15704,2012-03-03,30,CT,1,9.99
96701568,17,29,2904,101600010,7860,2012-03-05,5.8,OZ,1,2.69
96703041,18,11,1114,102113020,10786,2012-03-02,32,OZ,1,3.99
96705509,95,54,5403,102580020,16668,2012-03-11,8,OZ,1,2.99
96706442,14,33,3303,102840020,15598,2013-01-29,8,OZ,1,2.49
96714351,95,9,917,104856444,7755,2012-03-14,14.5,OZ,1,2.59
96717635,3,9,902,101410010,45039,2012-03-18,6.6,OZ,1,2.39
96719338,17,97,9753,1022019323,0,2012-03-15,1,CT,1,3.49
96733139,95,33,3318,107797575,27417,2012-03-02,16,OZ,1,3.29
96737059,15,63,6320,102113020,10786,2012-03-24,12,CT,1,1.99
96745376,18,64,6401,103410030,11704,2012-03-17,216,OZ,1,17.99
96747417,15,63,6315,102113020,10786,2012-03-05,128,OZ,1,3.89
96753577,18,21,2105,105200050,7054,2012-03-15,32,OZ,2,2
96765002,95,3,309,102113020,15704,2013-06-06,14,OZ,1,2.79
96777532,3,63,6330,107989373,12908,2012-03-02,16,OZ,1,3.19
96787408,14,51,5127,1065827666,8605,2012-03-02,13.1,OZ,1,2.49
96791189,14,99,9904,107143070,5072,2012-03-05,16,OZ,1,3.49
96797081,88,99,9908,102113020,15704,2012-03-08,10,OZ,1,2.99
96798619,15,14,1416,102113020,15704,2012-03-06,15,OZ,1,0.89
96798901,3,96,9609,1057261353,88199,2012-03-08,0,,1,-1
96801183,18,38,3801,102113020,15704,2012-03-03,1,LB,1,1.19
96813269,18,63,6323,102113020,10786,2012-04-09,16,OZ,2,2
96822789,18,9,907,107102575,81826,2012-03-04,24,OZ,1,4.14
96841999,4,63,6315,102113020,10786,2012-03-04,128,OZ,2,7.78
96847578,95,26,2633,102113020,15704,2012-03-06,4,RL,1,3.49
96849591,88,64,6409,109998898,11499,2012-03-02,0.75,LT,1,8.99
